"task.id","learner.id","iter","mse","ngram_length","seq_type"
"growth_doubl","regr.ranger",1,7752.97259530259,1,"mcra_seqs"
"growth_doubl","regr.ranger",2,NA,1,"mcra_seqs"
"growth_doubl","regr.ranger",3,1261.24174142126,1,"mcra_seqs"
"growth_doubl","regr.ranger",4,NA,1,"mcra_seqs"
"growth_doubl","regr.ranger",5,656.068459607285,1,"mcra_seqs"
"growth_rate","regr.ranger",1,0.227411936831118,1,"mcra_seqs"
"growth_rate","regr.ranger",2,NA,1,"mcra_seqs"
"growth_rate","regr.ranger",3,0.905843421656998,1,"mcra_seqs"
"growth_rate","regr.ranger",4,NA,1,"mcra_seqs"
"growth_rate","regr.ranger",5,0.0909142714318511,1,"mcra_seqs"
"mean_gt","regr.ranger",1,290.010233903863,1,"mcra_seqs"
"mean_gt","regr.ranger",2,184.790321231042,1,"mcra_seqs"
"mean_gt","regr.ranger",3,602.611284081799,1,"mcra_seqs"
"mean_gt","regr.ranger",4,198.107239876447,1,"mcra_seqs"
"mean_gt","regr.ranger",5,146.62913430706,1,"mcra_seqs"
"mean_ogt","regr.ranger",1,469.379967892323,1,"mcra_seqs"
"mean_ogt","regr.ranger",2,243.526595163657,1,"mcra_seqs"
"mean_ogt","regr.ranger",3,551.742686794116,1,"mcra_seqs"
"mean_ogt","regr.ranger",4,234.854887689259,1,"mcra_seqs"
"mean_ogt","regr.ranger",5,169.485997104884,1,"mcra_seqs"
"mean_gn","regr.ranger",1,0.0201341671142931,1,"mcra_seqs"
"mean_gn","regr.ranger",2,0.0969146117970234,1,"mcra_seqs"
"mean_gn","regr.ranger",3,0.0772042306719126,1,"mcra_seqs"
"mean_gn","regr.ranger",4,0.299243691769442,1,"mcra_seqs"
"mean_gn","regr.ranger",5,0.0672550862888422,1,"mcra_seqs"
"mean_ogn","regr.ranger",1,0.0313798724284876,1,"mcra_seqs"
"mean_ogn","regr.ranger",2,0.0795587247773116,1,"mcra_seqs"
"mean_ogn","regr.ranger",3,0.0581193787563248,1,"mcra_seqs"
"mean_ogn","regr.ranger",4,0.103313336143777,1,"mcra_seqs"
"mean_ogn","regr.ranger",5,0.0378105473261452,1,"mcra_seqs"
"mean_gp","regr.ranger",1,0.262066249269132,1,"mcra_seqs"
"mean_gp","regr.ranger",2,NA,1,"mcra_seqs"
"mean_gp","regr.ranger",3,0.325776867359216,1,"mcra_seqs"
"mean_gp","regr.ranger",4,0.210425706758908,1,"mcra_seqs"
"mean_gp","regr.ranger",5,0.168844032321644,1,"mcra_seqs"
"mean_ogp","regr.ranger",1,0.371449433786931,1,"mcra_seqs"
"mean_ogp","regr.ranger",2,NA,1,"mcra_seqs"
"mean_ogp","regr.ranger",3,0.348961645530557,1,"mcra_seqs"
"mean_ogp","regr.ranger",4,0.177136693540277,1,"mcra_seqs"
"mean_ogp","regr.ranger",5,0.221978095732093,1,"mcra_seqs"
"growth_doubl","regr.ranger",1,7866.29380736346,1,"rna_seqs"
"growth_doubl","regr.ranger",2,1101.98776274176,1,"rna_seqs"
"growth_doubl","regr.ranger",3,527.879498002359,1,"rna_seqs"
"growth_doubl","regr.ranger",4,997.303588386529,1,"rna_seqs"
"growth_doubl","regr.ranger",5,560.348674996892,1,"rna_seqs"
"growth_rate","regr.ranger",1,0.257578188330835,1,"rna_seqs"
"growth_rate","regr.ranger",2,0.0429963597877032,1,"rna_seqs"
"growth_rate","regr.ranger",3,0.40974339747239,1,"rna_seqs"
"growth_rate","regr.ranger",4,0.127858650290316,1,"rna_seqs"
"growth_rate","regr.ranger",5,0.111205121308461,1,"rna_seqs"
"mean_gt","regr.ranger",1,205.851772013409,1,"rna_seqs"
"mean_gt","regr.ranger",2,149.236900676528,1,"rna_seqs"
"mean_gt","regr.ranger",3,214.459691466168,1,"rna_seqs"
"mean_gt","regr.ranger",4,105.534621094827,1,"rna_seqs"
"mean_gt","regr.ranger",5,110.514201871551,1,"rna_seqs"
"mean_ogt","regr.ranger",1,309.538957160656,1,"rna_seqs"
"mean_ogt","regr.ranger",2,175.014103859815,1,"rna_seqs"
"mean_ogt","regr.ranger",3,179.411990567323,1,"rna_seqs"
"mean_ogt","regr.ranger",4,98.9535360117361,1,"rna_seqs"
"mean_ogt","regr.ranger",5,104.446229408912,1,"rna_seqs"
"mean_gn","regr.ranger",1,0.127839446139034,1,"rna_seqs"
"mean_gn","regr.ranger",2,0.122347673069075,1,"rna_seqs"
"mean_gn","regr.ranger",3,0.10428723759703,1,"rna_seqs"
"mean_gn","regr.ranger",4,0.34817707463912,1,"rna_seqs"
"mean_gn","regr.ranger",5,0.0797060251354285,1,"rna_seqs"
"mean_ogn","regr.ranger",1,0.100334974077344,1,"rna_seqs"
"mean_ogn","regr.ranger",2,0.077836303717836,1,"rna_seqs"
"mean_ogn","regr.ranger",3,0.0627222435731374,1,"rna_seqs"
"mean_ogn","regr.ranger",4,0.123269745979924,1,"rna_seqs"
"mean_ogn","regr.ranger",5,0.0373139586906492,1,"rna_seqs"
"mean_gp","regr.ranger",1,0.296807889714585,1,"rna_seqs"
"mean_gp","regr.ranger",2,0.87306223371568,1,"rna_seqs"
"mean_gp","regr.ranger",3,0.253237695006122,1,"rna_seqs"
"mean_gp","regr.ranger",4,0.244695063235474,1,"rna_seqs"
"mean_gp","regr.ranger",5,0.427837908242767,1,"rna_seqs"
"mean_ogp","regr.ranger",1,0.184405644794191,1,"rna_seqs"
"mean_ogp","regr.ranger",2,0.706718677863657,1,"rna_seqs"
"mean_ogp","regr.ranger",3,0.190300614350945,1,"rna_seqs"
"mean_ogp","regr.ranger",4,0.253024522431715,1,"rna_seqs"
"mean_ogp","regr.ranger",5,0.407902351897339,1,"rna_seqs"
"growth_doubl","regr.ranger",1,NA,2,"mcra_seqs"
"growth_doubl","regr.ranger",2,1339.71955407223,2,"mcra_seqs"
"growth_doubl","regr.ranger",3,515.369334337642,2,"mcra_seqs"
"growth_doubl","regr.ranger",4,NA,2,"mcra_seqs"
"growth_doubl","regr.ranger",5,NA,2,"mcra_seqs"
"growth_rate","regr.ranger",1,0.128935774730875,2,"mcra_seqs"
"growth_rate","regr.ranger",2,0.0652712556174413,2,"mcra_seqs"
"growth_rate","regr.ranger",3,0.850441463815124,2,"mcra_seqs"
"growth_rate","regr.ranger",4,NA,2,"mcra_seqs"
"growth_rate","regr.ranger",5,NA,2,"mcra_seqs"
"mean_gt","regr.ranger",1,NA,2,"mcra_seqs"
"mean_gt","regr.ranger",2,NA,2,"mcra_seqs"
"mean_gt","regr.ranger",3,612.734622210082,2,"mcra_seqs"
"mean_gt","regr.ranger",4,NA,2,"mcra_seqs"
"mean_gt","regr.ranger",5,116.221874319317,2,"mcra_seqs"
"mean_ogt","regr.ranger",1,331.748237303889,2,"mcra_seqs"
"mean_ogt","regr.ranger",2,238.660619525579,2,"mcra_seqs"
"mean_ogt","regr.ranger",3,534.105591837954,2,"mcra_seqs"
"mean_ogt","regr.ranger",4,NA,2,"mcra_seqs"
"mean_ogt","regr.ranger",5,NA,2,"mcra_seqs"
"mean_gn","regr.ranger",1,0.0370013163266259,2,"mcra_seqs"
"mean_gn","regr.ranger",2,0.09156428350692,2,"mcra_seqs"
"mean_gn","regr.ranger",3,0.0605938404449911,2,"mcra_seqs"
"mean_gn","regr.ranger",4,NA,2,"mcra_seqs"
"mean_gn","regr.ranger",5,NA,2,"mcra_seqs"
"mean_ogn","regr.ranger",1,NA,2,"mcra_seqs"
"mean_ogn","regr.ranger",2,0.0644584368121507,2,"mcra_seqs"
"mean_ogn","regr.ranger",3,0.0614356994470019,2,"mcra_seqs"
"mean_ogn","regr.ranger",4,0.126303882498893,2,"mcra_seqs"
"mean_ogn","regr.ranger",5,NA,2,"mcra_seqs"
"mean_gp","regr.ranger",1,0.20081984816225,2,"mcra_seqs"
"mean_gp","regr.ranger",2,0.859263392592421,2,"mcra_seqs"
"mean_gp","regr.ranger",3,0.150907004988762,2,"mcra_seqs"
"mean_gp","regr.ranger",4,0.21444247497974,2,"mcra_seqs"
"mean_gp","regr.ranger",5,0.163680019435416,2,"mcra_seqs"
"mean_ogp","regr.ranger",1,0.315288216952017,2,"mcra_seqs"
"mean_ogp","regr.ranger",2,0.856839952447451,2,"mcra_seqs"
"mean_ogp","regr.ranger",3,NA,2,"mcra_seqs"
"mean_ogp","regr.ranger",4,0.200996336803242,2,"mcra_seqs"
"mean_ogp","regr.ranger",5,NA,2,"mcra_seqs"
"growth_doubl","regr.ranger",1,8305.98386703101,2,"rna_seqs"
"growth_doubl","regr.ranger",2,1194.77206861516,2,"rna_seqs"
"growth_doubl","regr.ranger",3,NA,2,"rna_seqs"
"growth_doubl","regr.ranger",4,NA,2,"rna_seqs"
"growth_doubl","regr.ranger",5,1321.53032210099,2,"rna_seqs"
"growth_rate","regr.ranger",1,0.196800068229918,2,"rna_seqs"
"growth_rate","regr.ranger",2,0.0622453906139881,2,"rna_seqs"
"growth_rate","regr.ranger",3,0.309335160727727,2,"rna_seqs"
"growth_rate","regr.ranger",4,0.0946581504687133,2,"rna_seqs"
"growth_rate","regr.ranger",5,0.0318869284317809,2,"rna_seqs"
"mean_gt","regr.ranger",1,162.399509156042,2,"rna_seqs"
"mean_gt","regr.ranger",2,134.997280082546,2,"rna_seqs"
"mean_gt","regr.ranger",3,156.742209132904,2,"rna_seqs"
"mean_gt","regr.ranger",4,102.507056745405,2,"rna_seqs"
"mean_gt","regr.ranger",5,93.3406444591377,2,"rna_seqs"
"mean_ogt","regr.ranger",1,234.760301523055,2,"rna_seqs"
"mean_ogt","regr.ranger",2,NA,2,"rna_seqs"
"mean_ogt","regr.ranger",3,94.3163630158839,2,"rna_seqs"
"mean_ogt","regr.ranger",4,NA,2,"rna_seqs"
"mean_ogt","regr.ranger",5,82.2221373991666,2,"rna_seqs"
"mean_gn","regr.ranger",1,NA,2,"rna_seqs"
"mean_gn","regr.ranger",2,0.117127360198095,2,"rna_seqs"
"mean_gn","regr.ranger",3,NA,2,"rna_seqs"
"mean_gn","regr.ranger",4,NA,2,"rna_seqs"
"mean_gn","regr.ranger",5,0.0664249107534288,2,"rna_seqs"
"mean_ogn","regr.ranger",1,0.0864263243551078,2,"rna_seqs"
"mean_ogn","regr.ranger",2,0.0936533274346131,2,"rna_seqs"
"mean_ogn","regr.ranger",3,0.0553792895968123,2,"rna_seqs"
"mean_ogn","regr.ranger",4,0.136772304787513,2,"rna_seqs"
"mean_ogn","regr.ranger",5,0.0318450833201316,2,"rna_seqs"
"mean_gp","regr.ranger",1,0.216660881884091,2,"rna_seqs"
"mean_gp","regr.ranger",2,0.831481483919215,2,"rna_seqs"
"mean_gp","regr.ranger",3,0.263457970768814,2,"rna_seqs"
"mean_gp","regr.ranger",4,0.186096216328358,2,"rna_seqs"
"mean_gp","regr.ranger",5,0.41058095356678,2,"rna_seqs"
"mean_ogp","regr.ranger",1,0.172934986977589,2,"rna_seqs"
"mean_ogp","regr.ranger",2,0.713141812524654,2,"rna_seqs"
"mean_ogp","regr.ranger",3,0.298757389181188,2,"rna_seqs"
"mean_ogp","regr.ranger",4,0.171588195695369,2,"rna_seqs"
"mean_ogp","regr.ranger",5,0.432598661868344,2,"rna_seqs"
"growth_doubl","regr.ranger",1,8215.20235065498,3,"mcra_seqs"
"growth_doubl","regr.ranger",2,1083.86408358985,3,"mcra_seqs"
"growth_doubl","regr.ranger",3,741.391272424453,3,"mcra_seqs"
"growth_doubl","regr.ranger",4,796.437142039578,3,"mcra_seqs"
"growth_doubl","regr.ranger",5,NA,3,"mcra_seqs"
"growth_rate","regr.ranger",1,NA,3,"mcra_seqs"
"growth_rate","regr.ranger",2,0.0442880851564057,3,"mcra_seqs"
"growth_rate","regr.ranger",3,0.821662813201229,3,"mcra_seqs"
"growth_rate","regr.ranger",4,0.194617466651642,3,"mcra_seqs"
"growth_rate","regr.ranger",5,0.0489827648310131,3,"mcra_seqs"
"mean_gt","regr.ranger",1,183.771377141925,3,"mcra_seqs"
"mean_gt","regr.ranger",2,124.685242900625,3,"mcra_seqs"
"mean_gt","regr.ranger",3,517.390967658668,3,"mcra_seqs"
"mean_gt","regr.ranger",4,176.575865681794,3,"mcra_seqs"
"mean_gt","regr.ranger",5,NA,3,"mcra_seqs"
"mean_ogt","regr.ranger",1,297.98667565745,3,"mcra_seqs"
"mean_ogt","regr.ranger",2,145.30298263294,3,"mcra_seqs"
"mean_ogt","regr.ranger",3,441.637524879444,3,"mcra_seqs"
"mean_ogt","regr.ranger",4,189.57536312375,3,"mcra_seqs"
"mean_ogt","regr.ranger",5,87.6562178233795,3,"mcra_seqs"
"mean_gn","regr.ranger",1,0.0186495394779608,3,"mcra_seqs"
"mean_gn","regr.ranger",2,NA,3,"mcra_seqs"
"mean_gn","regr.ranger",3,0.0681084924989976,3,"mcra_seqs"
"mean_gn","regr.ranger",4,0.314181194996784,3,"mcra_seqs"
"mean_gn","regr.ranger",5,0.0477114400964538,3,"mcra_seqs"
"mean_ogn","regr.ranger",1,0.0192500571783308,3,"mcra_seqs"
"mean_ogn","regr.ranger",2,NA,3,"mcra_seqs"
"mean_ogn","regr.ranger",3,NA,3,"mcra_seqs"
"mean_ogn","regr.ranger",4,0.110822418350422,3,"mcra_seqs"
"mean_ogn","regr.ranger",5,0.0190947786192796,3,"mcra_seqs"
"mean_gp","regr.ranger",1,0.172073553890343,3,"mcra_seqs"
"mean_gp","regr.ranger",2,NA,3,"mcra_seqs"
"mean_gp","regr.ranger",3,0.178004147816224,3,"mcra_seqs"
"mean_gp","regr.ranger",4,0.205723746728296,3,"mcra_seqs"
"mean_gp","regr.ranger",5,NA,3,"mcra_seqs"
"mean_ogp","regr.ranger",1,0.288082359225505,3,"mcra_seqs"
"mean_ogp","regr.ranger",2,NA,3,"mcra_seqs"
"mean_ogp","regr.ranger",3,0.226390481913385,3,"mcra_seqs"
"mean_ogp","regr.ranger",4,0.159374012369443,3,"mcra_seqs"
"mean_ogp","regr.ranger",5,0.1741356702147,3,"mcra_seqs"
"growth_doubl","regr.ranger",1,NA,3,"rna_seqs"
"growth_doubl","regr.ranger",2,NA,3,"rna_seqs"
"growth_doubl","regr.ranger",3,NA,3,"rna_seqs"
"growth_doubl","regr.ranger",4,548.131780462584,3,"rna_seqs"
"growth_doubl","regr.ranger",5,NA,3,"rna_seqs"
"growth_rate","regr.ranger",1,NA,3,"rna_seqs"
"growth_rate","regr.ranger",2,0.0648920007845543,3,"rna_seqs"
"growth_rate","regr.ranger",3,NA,3,"rna_seqs"
"growth_rate","regr.ranger",4,0.0686883339047326,3,"rna_seqs"
"growth_rate","regr.ranger",5,NA,3,"rna_seqs"
"mean_gt","regr.ranger",1,NA,3,"rna_seqs"
"mean_gt","regr.ranger",2,NA,3,"rna_seqs"
"mean_gt","regr.ranger",3,183.364630743447,3,"rna_seqs"
"mean_gt","regr.ranger",4,NA,3,"rna_seqs"
"mean_gt","regr.ranger",5,NA,3,"rna_seqs"
"mean_ogt","regr.ranger",1,208.509925543763,3,"rna_seqs"
"mean_ogt","regr.ranger",2,NA,3,"rna_seqs"
"mean_ogt","regr.ranger",3,NA,3,"rna_seqs"
"mean_ogt","regr.ranger",4,80.4726954911807,3,"rna_seqs"
"mean_ogt","regr.ranger",5,NA,3,"rna_seqs"
"mean_gn","regr.ranger",1,0.0969491057831901,3,"rna_seqs"
"mean_gn","regr.ranger",2,NA,3,"rna_seqs"
"mean_gn","regr.ranger",3,0.0795816842203475,3,"rna_seqs"
"mean_gn","regr.ranger",4,0.331413573141338,3,"rna_seqs"
"mean_gn","regr.ranger",5,NA,3,"rna_seqs"
"mean_ogn","regr.ranger",1,0.0653903700649257,3,"rna_seqs"
"mean_ogn","regr.ranger",2,0.0790192616880569,3,"rna_seqs"
"mean_ogn","regr.ranger",3,0.0569481149114053,3,"rna_seqs"
"mean_ogn","regr.ranger",4,NA,3,"rna_seqs"
"mean_ogn","regr.ranger",5,NA,3,"rna_seqs"
"mean_gp","regr.ranger",1,0.190748028251453,3,"rna_seqs"
"mean_gp","regr.ranger",2,NA,3,"rna_seqs"
"mean_gp","regr.ranger",3,0.231643694248865,3,"rna_seqs"
"mean_gp","regr.ranger",4,NA,3,"rna_seqs"
"mean_gp","regr.ranger",5,NA,3,"rna_seqs"
"mean_ogp","regr.ranger",1,NA,3,"rna_seqs"
"mean_ogp","regr.ranger",2,NA,3,"rna_seqs"
"mean_ogp","regr.ranger",3,NA,3,"rna_seqs"
"mean_ogp","regr.ranger",4,NA,3,"rna_seqs"
"mean_ogp","regr.ranger",5,NA,3,"rna_seqs"
"growth_doubl","regr.ranger",1,NA,4,"mcra_seqs"
"growth_doubl","regr.ranger",2,NA,4,"mcra_seqs"
"growth_doubl","regr.ranger",3,NA,4,"mcra_seqs"
"growth_doubl","regr.ranger",4,NA,4,"mcra_seqs"
"growth_doubl","regr.ranger",5,1264.8731721923,4,"mcra_seqs"
"growth_rate","regr.ranger",1,0.0913420312365453,4,"mcra_seqs"
"growth_rate","regr.ranger",2,0.053073327626839,4,"mcra_seqs"
"growth_rate","regr.ranger",3,NA,4,"mcra_seqs"
"growth_rate","regr.ranger",4,0.212507118193545,4,"mcra_seqs"
"growth_rate","regr.ranger",5,NA,4,"mcra_seqs"
"mean_gt","regr.ranger",1,147.166241040499,4,"mcra_seqs"
"mean_gt","regr.ranger",2,NA,4,"mcra_seqs"
"mean_gt","regr.ranger",3,NA,4,"mcra_seqs"
"mean_gt","regr.ranger",4,163.095410074595,4,"mcra_seqs"
"mean_gt","regr.ranger",5,79.3820358994735,4,"mcra_seqs"
"mean_ogt","regr.ranger",1,230.889108348939,4,"mcra_seqs"
"mean_ogt","regr.ranger",2,NA,4,"mcra_seqs"
"mean_ogt","regr.ranger",3,421.429503549672,4,"mcra_seqs"
"mean_ogt","regr.ranger",4,NA,4,"mcra_seqs"
"mean_ogt","regr.ranger",5,NA,4,"mcra_seqs"
"mean_gn","regr.ranger",1,NA,4,"mcra_seqs"
"mean_gn","regr.ranger",2,NA,4,"mcra_seqs"
"mean_gn","regr.ranger",3,NA,4,"mcra_seqs"
"mean_gn","regr.ranger",4,0.313054255210243,4,"mcra_seqs"
"mean_gn","regr.ranger",5,0.0472503326377501,4,"mcra_seqs"
"mean_ogn","regr.ranger",1,NA,4,"mcra_seqs"
"mean_ogn","regr.ranger",2,NA,4,"mcra_seqs"
"mean_ogn","regr.ranger",3,NA,4,"mcra_seqs"
"mean_ogn","regr.ranger",4,0.111705441973799,4,"mcra_seqs"
"mean_ogn","regr.ranger",5,NA,4,"mcra_seqs"
"mean_gp","regr.ranger",1,0.207183038440972,4,"mcra_seqs"
"mean_gp","regr.ranger",2,0.773005202976853,4,"mcra_seqs"
"mean_gp","regr.ranger",3,NA,4,"mcra_seqs"
"mean_gp","regr.ranger",4,0.185095603054569,4,"mcra_seqs"
"mean_gp","regr.ranger",5,NA,4,"mcra_seqs"
"mean_ogp","regr.ranger",1,NA,4,"mcra_seqs"
"mean_ogp","regr.ranger",2,0.794210967564238,4,"mcra_seqs"
"mean_ogp","regr.ranger",3,NA,4,"mcra_seqs"
"mean_ogp","regr.ranger",4,NA,4,"mcra_seqs"
"mean_ogp","regr.ranger",5,0.141468853646181,4,"mcra_seqs"
"growth_doubl","regr.ranger",1,NA,4,"rna_seqs"
"growth_doubl","regr.ranger",2,NA,4,"rna_seqs"
"growth_doubl","regr.ranger",3,NA,4,"rna_seqs"
"growth_doubl","regr.ranger",4,NA,4,"rna_seqs"
"growth_doubl","regr.ranger",5,1189.35850171235,4,"rna_seqs"
"growth_rate","regr.ranger",1,0.136446189234284,4,"rna_seqs"
"growth_rate","regr.ranger",2,0.0612269614874404,4,"rna_seqs"
"growth_rate","regr.ranger",3,0.375858980689484,4,"rna_seqs"
"growth_rate","regr.ranger",4,0.0585033552187393,4,"rna_seqs"
"growth_rate","regr.ranger",5,NA,4,"rna_seqs"
"mean_gt","regr.ranger",1,NA,4,"rna_seqs"
"mean_gt","regr.ranger",2,111.903804970694,4,"rna_seqs"
"mean_gt","regr.ranger",3,231.345941790985,4,"rna_seqs"
"mean_gt","regr.ranger",4,NA,4,"rna_seqs"
"mean_gt","regr.ranger",5,69.8968862005556,4,"rna_seqs"
"mean_ogt","regr.ranger",1,181.906551602904,4,"rna_seqs"
"mean_ogt","regr.ranger",2,107.829703144583,4,"rna_seqs"
"mean_ogt","regr.ranger",3,NA,4,"rna_seqs"
"mean_ogt","regr.ranger",4,NA,4,"rna_seqs"
"mean_ogt","regr.ranger",5,55.7933721046066,4,"rna_seqs"
"mean_gn","regr.ranger",1,0.0586664383875579,4,"rna_seqs"
"mean_gn","regr.ranger",2,0.0841540149369675,4,"rna_seqs"
"mean_gn","regr.ranger",3,0.0737164632671657,4,"rna_seqs"
"mean_gn","regr.ranger",4,0.331435295899078,4,"rna_seqs"
"mean_gn","regr.ranger",5,0.0581445064081467,4,"rna_seqs"
"mean_ogn","regr.ranger",1,0.0535779289551979,4,"rna_seqs"
"mean_ogn","regr.ranger",2,0.0646556065517848,4,"rna_seqs"
"mean_ogn","regr.ranger",3,0.0494292632187481,4,"rna_seqs"
"mean_ogn","regr.ranger",4,NA,4,"rna_seqs"
"mean_ogn","regr.ranger",5,0.0284441774311945,4,"rna_seqs"
"mean_gp","regr.ranger",1,0.174175889898927,4,"rna_seqs"
"mean_gp","regr.ranger",2,NA,4,"rna_seqs"
"mean_gp","regr.ranger",3,0.22228320156957,4,"rna_seqs"
"mean_gp","regr.ranger",4,0.146663326692476,4,"rna_seqs"
"mean_gp","regr.ranger",5,0.197772475308563,4,"rna_seqs"
"mean_ogp","regr.ranger",1,0.200529101182006,4,"rna_seqs"
"mean_ogp","regr.ranger",2,NA,4,"rna_seqs"
"mean_ogp","regr.ranger",3,NA,4,"rna_seqs"
"mean_ogp","regr.ranger",4,0.125959313715741,4,"rna_seqs"
"mean_ogp","regr.ranger",5,0.218930637307293,4,"rna_seqs"
"growth_doubl","regr.ranger",1,8056.18809910039,5,"mcra_seqs"
"growth_doubl","regr.ranger",2,988.697281087797,5,"mcra_seqs"
"growth_doubl","regr.ranger",3,782.247677390426,5,"mcra_seqs"
"growth_doubl","regr.ranger",4,961.472542379366,5,"mcra_seqs"
"growth_doubl","regr.ranger",5,NA,5,"mcra_seqs"
"growth_rate","regr.ranger",1,NA,5,"mcra_seqs"
"growth_rate","regr.ranger",2,0.0312072008005499,5,"mcra_seqs"
"growth_rate","regr.ranger",3,NA,5,"mcra_seqs"
"growth_rate","regr.ranger",4,NA,5,"mcra_seqs"
"growth_rate","regr.ranger",5,0.0443870123253908,5,"mcra_seqs"
"mean_gt","regr.ranger",1,151.284551753219,5,"mcra_seqs"
"mean_gt","regr.ranger",2,148.099294591296,5,"mcra_seqs"
"mean_gt","regr.ranger",3,NA,5,"mcra_seqs"
"mean_gt","regr.ranger",4,169.003154581187,5,"mcra_seqs"
"mean_gt","regr.ranger",5,NA,5,"mcra_seqs"
"mean_ogt","regr.ranger",1,252.903719960985,5,"mcra_seqs"
"mean_ogt","regr.ranger",2,147.148858996343,5,"mcra_seqs"
"mean_ogt","regr.ranger",3,NA,5,"mcra_seqs"
"mean_ogt","regr.ranger",4,193.881070331551,5,"mcra_seqs"
"mean_ogt","regr.ranger",5,77.9692941490973,5,"mcra_seqs"
"mean_gn","regr.ranger",1,0.0269476866289367,5,"mcra_seqs"
"mean_gn","regr.ranger",2,0.0877979215960352,5,"mcra_seqs"
"mean_gn","regr.ranger",3,0.0655287950120265,5,"mcra_seqs"
"mean_gn","regr.ranger",4,0.296483794473443,5,"mcra_seqs"
"mean_gn","regr.ranger",5,NA,5,"mcra_seqs"
"mean_ogn","regr.ranger",1,0.0274077154142719,5,"mcra_seqs"
"mean_ogn","regr.ranger",2,0.0544310830968072,5,"mcra_seqs"
"mean_ogn","regr.ranger",3,NA,5,"mcra_seqs"
"mean_ogn","regr.ranger",4,0.10993444931021,5,"mcra_seqs"
"mean_ogn","regr.ranger",5,NA,5,"mcra_seqs"
"mean_gp","regr.ranger",1,0.196718144981063,5,"mcra_seqs"
"mean_gp","regr.ranger",2,0.756338218152659,5,"mcra_seqs"
"mean_gp","regr.ranger",3,0.254159305773423,5,"mcra_seqs"
"mean_gp","regr.ranger",4,0.163952188192475,5,"mcra_seqs"
"mean_gp","regr.ranger",5,0.108255405490626,5,"mcra_seqs"
"mean_ogp","regr.ranger",1,NA,5,"mcra_seqs"
"mean_ogp","regr.ranger",2,0.798709890035878,5,"mcra_seqs"
"mean_ogp","regr.ranger",3,0.256980606756377,5,"mcra_seqs"
"mean_ogp","regr.ranger",4,0.14201707609236,5,"mcra_seqs"
"mean_ogp","regr.ranger",5,NA,5,"mcra_seqs"
"growth_doubl","regr.ranger",1,NA,5,"rna_seqs"
"growth_doubl","regr.ranger",2,NA,5,"rna_seqs"
"growth_doubl","regr.ranger",3,NA,5,"rna_seqs"
"growth_doubl","regr.ranger",4,NA,5,"rna_seqs"
"growth_doubl","regr.ranger",5,NA,5,"rna_seqs"
"growth_rate","regr.ranger",1,NA,5,"rna_seqs"
"growth_rate","regr.ranger",2,NA,5,"rna_seqs"
"growth_rate","regr.ranger",3,0.382621099838274,5,"rna_seqs"
"growth_rate","regr.ranger",4,NA,5,"rna_seqs"
"growth_rate","regr.ranger",5,NA,5,"rna_seqs"
"mean_gt","regr.ranger",1,147.263267382917,5,"rna_seqs"
"mean_gt","regr.ranger",2,NA,5,"rna_seqs"
"mean_gt","regr.ranger",3,NA,5,"rna_seqs"
"mean_gt","regr.ranger",4,116.697597219005,5,"rna_seqs"
"mean_gt","regr.ranger",5,NA,5,"rna_seqs"
"mean_ogt","regr.ranger",1,NA,5,"rna_seqs"
"mean_ogt","regr.ranger",2,NA,5,"rna_seqs"
"mean_ogt","regr.ranger",3,NA,5,"rna_seqs"
"mean_ogt","regr.ranger",4,NA,5,"rna_seqs"
"mean_ogt","regr.ranger",5,64.4150043278473,5,"rna_seqs"
"mean_gn","regr.ranger",1,0.042136058776953,5,"rna_seqs"
"mean_gn","regr.ranger",2,NA,5,"rna_seqs"
"mean_gn","regr.ranger",3,NA,5,"rna_seqs"
"mean_gn","regr.ranger",4,NA,5,"rna_seqs"
"mean_gn","regr.ranger",5,NA,5,"rna_seqs"
"mean_ogn","regr.ranger",1,NA,5,"rna_seqs"
"mean_ogn","regr.ranger",2,NA,5,"rna_seqs"
"mean_ogn","regr.ranger",3,0.0324877236590402,5,"rna_seqs"
"mean_ogn","regr.ranger",4,NA,5,"rna_seqs"
"mean_ogn","regr.ranger",5,NA,5,"rna_seqs"
"mean_gp","regr.ranger",1,0.166223765742804,5,"rna_seqs"
"mean_gp","regr.ranger",2,NA,5,"rna_seqs"
"mean_gp","regr.ranger",3,0.211560403477082,5,"rna_seqs"
"mean_gp","regr.ranger",4,0.112381006981365,5,"rna_seqs"
"mean_gp","regr.ranger",5,NA,5,"rna_seqs"
"mean_ogp","regr.ranger",1,0.211868753504103,5,"rna_seqs"
"mean_ogp","regr.ranger",2,NA,5,"rna_seqs"
"mean_ogp","regr.ranger",3,0.239362634833082,5,"rna_seqs"
"mean_ogp","regr.ranger",4,NA,5,"rna_seqs"
"mean_ogp","regr.ranger",5,NA,5,"rna_seqs"
"growth_doubl","regr.ranger",1,7612.47252565117,6,"mcra_seqs"
"growth_doubl","regr.ranger",2,1065.28626705152,6,"mcra_seqs"
"growth_doubl","regr.ranger",3,472.85806602806,6,"mcra_seqs"
"growth_doubl","regr.ranger",4,1108.33980923662,6,"mcra_seqs"
"growth_doubl","regr.ranger",5,981.246204439404,6,"mcra_seqs"
"growth_rate","regr.ranger",1,0.149575408079825,6,"mcra_seqs"
"growth_rate","regr.ranger",2,0.0350196754040097,6,"mcra_seqs"
"growth_rate","regr.ranger",3,0.787046007329255,6,"mcra_seqs"
"growth_rate","regr.ranger",4,0.196663435631635,6,"mcra_seqs"
"growth_rate","regr.ranger",5,0.0330395308579698,6,"mcra_seqs"
"mean_gt","regr.ranger",1,168.058381820126,6,"mcra_seqs"
"mean_gt","regr.ranger",2,153.403914097315,6,"mcra_seqs"
"mean_gt","regr.ranger",3,586.253403184602,6,"mcra_seqs"
"mean_gt","regr.ranger",4,172.099408109369,6,"mcra_seqs"
"mean_gt","regr.ranger",5,67.3036840138543,6,"mcra_seqs"
"mean_ogt","regr.ranger",1,249.827975092728,6,"mcra_seqs"
"mean_ogt","regr.ranger",2,149.615858680579,6,"mcra_seqs"
"mean_ogt","regr.ranger",3,492.582590142752,6,"mcra_seqs"
"mean_ogt","regr.ranger",4,198.426987660602,6,"mcra_seqs"
"mean_ogt","regr.ranger",5,71.9849384552547,6,"mcra_seqs"
"mean_gn","regr.ranger",1,0.0304497326337343,6,"mcra_seqs"
"mean_gn","regr.ranger",2,0.0710256348805974,6,"mcra_seqs"
"mean_gn","regr.ranger",3,0.056969214972415,6,"mcra_seqs"
"mean_gn","regr.ranger",4,0.291658056795776,6,"mcra_seqs"
"mean_gn","regr.ranger",5,0.0494694182289355,6,"mcra_seqs"
"mean_ogn","regr.ranger",1,0.0243225896064846,6,"mcra_seqs"
"mean_ogn","regr.ranger",2,0.0547527212095275,6,"mcra_seqs"
"mean_ogn","regr.ranger",3,0.0400717058324146,6,"mcra_seqs"
"mean_ogn","regr.ranger",4,0.109293652199945,6,"mcra_seqs"
"mean_ogn","regr.ranger",5,0.0131108039863746,6,"mcra_seqs"
"mean_gp","regr.ranger",1,0.190004263476896,6,"mcra_seqs"
"mean_gp","regr.ranger",2,0.755630523524536,6,"mcra_seqs"
"mean_gp","regr.ranger",3,0.227589872246527,6,"mcra_seqs"
"mean_gp","regr.ranger",4,0.160122376772742,6,"mcra_seqs"
"mean_gp","regr.ranger",5,0.12731763849456,6,"mcra_seqs"
"mean_ogp","regr.ranger",1,0.291903928614645,6,"mcra_seqs"
"mean_ogp","regr.ranger",2,0.786091188735706,6,"mcra_seqs"
"mean_ogp","regr.ranger",3,0.251144425970648,6,"mcra_seqs"
"mean_ogp","regr.ranger",4,0.169004841229166,6,"mcra_seqs"
"mean_ogp","regr.ranger",5,0.18528168109265,6,"mcra_seqs"
"growth_doubl","regr.ranger",1,7598.08033370635,6,"rna_seqs"
"growth_doubl","regr.ranger",2,871.206808430096,6,"rna_seqs"
"growth_doubl","regr.ranger",3,266.85474966588,6,"rna_seqs"
"growth_doubl","regr.ranger",4,531.453934607308,6,"rna_seqs"
"growth_doubl","regr.ranger",5,930.721439805351,6,"rna_seqs"
"growth_rate","regr.ranger",1,0.10029257767201,6,"rna_seqs"
"growth_rate","regr.ranger",2,0.0360156186867329,6,"rna_seqs"
"growth_rate","regr.ranger",3,0.426643535492523,6,"rna_seqs"
"growth_rate","regr.ranger",4,0.0850582824457481,6,"rna_seqs"
"growth_rate","regr.ranger",5,0.052696712096729,6,"rna_seqs"
"mean_gt","regr.ranger",1,NA,6,"rna_seqs"
"mean_gt","regr.ranger",2,NA,6,"rna_seqs"
"mean_gt","regr.ranger",3,336.200014625934,6,"rna_seqs"
"mean_gt","regr.ranger",4,144.131880134937,6,"rna_seqs"
"mean_gt","regr.ranger",5,75.0673522461748,6,"rna_seqs"
"mean_ogt","regr.ranger",1,213.309632077829,6,"rna_seqs"
"mean_ogt","regr.ranger",2,NA,6,"rna_seqs"
"mean_ogt","regr.ranger",3,221.534322005708,6,"rna_seqs"
"mean_ogt","regr.ranger",4,129.039560589792,6,"rna_seqs"
"mean_ogt","regr.ranger",5,72.927112057662,6,"rna_seqs"
"mean_gn","regr.ranger",1,0.0489940910154441,6,"rna_seqs"
"mean_gn","regr.ranger",2,0.0868941340672936,6,"rna_seqs"
"mean_gn","regr.ranger",3,0.0413421759945827,6,"rna_seqs"
"mean_gn","regr.ranger",4,0.300136882106794,6,"rna_seqs"
"mean_gn","regr.ranger",5,0.0532331661398757,6,"rna_seqs"
"mean_ogn","regr.ranger",1,NA,6,"rna_seqs"
"mean_ogn","regr.ranger",2,0.0651795059589676,6,"rna_seqs"
"mean_ogn","regr.ranger",3,0.0252107298792023,6,"rna_seqs"
"mean_ogn","regr.ranger",4,0.108273193860322,6,"rna_seqs"
"mean_ogn","regr.ranger",5,0.0200291458830766,6,"rna_seqs"
"mean_gp","regr.ranger",1,0.188144596788575,6,"rna_seqs"
"mean_gp","regr.ranger",2,0.732332765439582,6,"rna_seqs"
"mean_gp","regr.ranger",3,NA,6,"rna_seqs"
"mean_gp","regr.ranger",4,0.135478986700521,6,"rna_seqs"
"mean_gp","regr.ranger",5,0.121011419029051,6,"rna_seqs"
"mean_ogp","regr.ranger",1,0.240153472427145,6,"rna_seqs"
"mean_ogp","regr.ranger",2,0.773591675704512,6,"rna_seqs"
"mean_ogp","regr.ranger",3,0.228725932927021,6,"rna_seqs"
"mean_ogp","regr.ranger",4,0.127724671647684,6,"rna_seqs"
"mean_ogp","regr.ranger",5,0.184592681734953,6,"rna_seqs"
"growth_doubl","regr.ranger",1,7864.33804716147,7,"mcra_seqs"
"growth_doubl","regr.ranger",2,958.682159339153,7,"mcra_seqs"
"growth_doubl","regr.ranger",3,258.721518205622,7,"mcra_seqs"
"growth_doubl","regr.ranger",4,1020.49233325036,7,"mcra_seqs"
"growth_doubl","regr.ranger",5,836.957922168312,7,"mcra_seqs"
"growth_rate","regr.ranger",1,0.139798264608413,7,"mcra_seqs"
"growth_rate","regr.ranger",2,0.0222913320073149,7,"mcra_seqs"
"growth_rate","regr.ranger",3,0.772600003401575,7,"mcra_seqs"
"growth_rate","regr.ranger",4,0.19103387874139,7,"mcra_seqs"
"growth_rate","regr.ranger",5,0.0168560233311083,7,"mcra_seqs"
"mean_gt","regr.ranger",1,185.127979652803,7,"mcra_seqs"
"mean_gt","regr.ranger",2,142.230639694005,7,"mcra_seqs"
"mean_gt","regr.ranger",3,588.219382271162,7,"mcra_seqs"
"mean_gt","regr.ranger",4,161.310770386435,7,"mcra_seqs"
"mean_gt","regr.ranger",5,83.1981593373554,7,"mcra_seqs"
"mean_ogt","regr.ranger",1,271.794519917879,7,"mcra_seqs"
"mean_ogt","regr.ranger",2,140.146661102732,7,"mcra_seqs"
"mean_ogt","regr.ranger",3,489.769085160606,7,"mcra_seqs"
"mean_ogt","regr.ranger",4,196.833301683935,7,"mcra_seqs"
"mean_ogt","regr.ranger",5,93.1310282509245,7,"mcra_seqs"
"mean_gn","regr.ranger",1,0.0323631902847068,7,"mcra_seqs"
"mean_gn","regr.ranger",2,0.0703030309731595,7,"mcra_seqs"
"mean_gn","regr.ranger",3,0.0506751255056067,7,"mcra_seqs"
"mean_gn","regr.ranger",4,0.287125124348112,7,"mcra_seqs"
"mean_gn","regr.ranger",5,0.0519705600666324,7,"mcra_seqs"
"mean_ogn","regr.ranger",1,0.0275443267632594,7,"mcra_seqs"
"mean_ogn","regr.ranger",2,0.0541008632177257,7,"mcra_seqs"
"mean_ogn","regr.ranger",3,0.0361763115795843,7,"mcra_seqs"
"mean_ogn","regr.ranger",4,0.109885074151752,7,"mcra_seqs"
"mean_ogn","regr.ranger",5,0.01385048796243,7,"mcra_seqs"
"mean_gp","regr.ranger",1,0.209760549857953,7,"mcra_seqs"
"mean_gp","regr.ranger",2,0.736252157558937,7,"mcra_seqs"
"mean_gp","regr.ranger",3,0.269411658432827,7,"mcra_seqs"
"mean_gp","regr.ranger",4,0.166779926338715,7,"mcra_seqs"
"mean_gp","regr.ranger",5,0.11795924221082,7,"mcra_seqs"
"mean_ogp","regr.ranger",1,0.266908109766665,7,"mcra_seqs"
"mean_ogp","regr.ranger",2,0.778654990325753,7,"mcra_seqs"
"mean_ogp","regr.ranger",3,0.241887997328981,7,"mcra_seqs"
"mean_ogp","regr.ranger",4,0.187190544314579,7,"mcra_seqs"
"mean_ogp","regr.ranger",5,0.186709221457002,7,"mcra_seqs"
"growth_doubl","regr.ranger",1,NA,7,"rna_seqs"
"growth_doubl","regr.ranger",2,NA,7,"rna_seqs"
"growth_doubl","regr.ranger",3,248.903660142868,7,"rna_seqs"
"growth_doubl","regr.ranger",4,NA,7,"rna_seqs"
"growth_doubl","regr.ranger",5,825.723976805689,7,"rna_seqs"
"growth_rate","regr.ranger",1,0.100204459235839,7,"rna_seqs"
"growth_rate","regr.ranger",2,0.0278431438996753,7,"rna_seqs"
"growth_rate","regr.ranger",3,0.497255650717053,7,"rna_seqs"
"growth_rate","regr.ranger",4,0.0635056768288069,7,"rna_seqs"
"growth_rate","regr.ranger",5,0.0457233928593327,7,"rna_seqs"
"mean_gt","regr.ranger",1,144.023233537355,7,"rna_seqs"
"mean_gt","regr.ranger",2,115.505570441204,7,"rna_seqs"
"mean_gt","regr.ranger",3,391.465637352696,7,"rna_seqs"
"mean_gt","regr.ranger",4,139.011902397529,7,"rna_seqs"
"mean_gt","regr.ranger",5,65.2906072369446,7,"rna_seqs"
"mean_ogt","regr.ranger",1,233.622727897449,7,"rna_seqs"
"mean_ogt","regr.ranger",2,94.1575355974768,7,"rna_seqs"
"mean_ogt","regr.ranger",3,287.371031109823,7,"rna_seqs"
"mean_ogt","regr.ranger",4,128.461493624421,7,"rna_seqs"
"mean_ogt","regr.ranger",5,71.6076224219908,7,"rna_seqs"
"mean_gn","regr.ranger",1,0.0450205632404177,7,"rna_seqs"
"mean_gn","regr.ranger",2,0.0681012963082049,7,"rna_seqs"
"mean_gn","regr.ranger",3,0.0321270068187235,7,"rna_seqs"
"mean_gn","regr.ranger",4,0.311079145358757,7,"rna_seqs"
"mean_gn","regr.ranger",5,0.0379724251644601,7,"rna_seqs"
"mean_ogn","regr.ranger",1,0.0395089277501167,7,"rna_seqs"
"mean_ogn","regr.ranger",2,0.0580677103840246,7,"rna_seqs"
"mean_ogn","regr.ranger",3,0.0206670948512507,7,"rna_seqs"
"mean_ogn","regr.ranger",4,0.106739994061729,7,"rna_seqs"
"mean_ogn","regr.ranger",5,0.0163011798732919,7,"rna_seqs"
"mean_gp","regr.ranger",1,0.178457347345203,7,"rna_seqs"
"mean_gp","regr.ranger",2,0.75837711896921,7,"rna_seqs"
"mean_gp","regr.ranger",3,0.194272508260038,7,"rna_seqs"
"mean_gp","regr.ranger",4,0.143517501956828,7,"rna_seqs"
"mean_gp","regr.ranger",5,0.108968323712789,7,"rna_seqs"
"mean_ogp","regr.ranger",1,0.241491986909596,7,"rna_seqs"
"mean_ogp","regr.ranger",2,0.781458458137496,7,"rna_seqs"
"mean_ogp","regr.ranger",3,0.226964181139713,7,"rna_seqs"
"mean_ogp","regr.ranger",4,NA,7,"rna_seqs"
"mean_ogp","regr.ranger",5,NA,7,"rna_seqs"
